<?xml version="1.0" encoding="UTF-8"?>
<!DOCTYPE mapper PUBLIC "-//mybatis.org//DTD Mapper 3.0//EN" "http://mybatis.org/dtd/mybatis-3-mapper.dtd">
<mapper namespace="com.jslhrd.board.Mapper.BoardMapper">
	<!-- 글 전체 개수 -->
	<select id="BoardCount" resultType="int">
		select count(*) from tbl_board
	</select>

	<!-- 글 전체 목록 -->
	<select id="BoardList" resultType="com.jslhrd.board.domain.BoardDTO">
		select * from tbl_board order by regdate desc
	</select>

	<!-- 글 검색 -->
	<select id="BoardListSearch" resultType="com.jslhrd.board.domain.BoardDTO" parameterType="com.jslhrd.board.domain.BoardDTO">
		select * from tbl_board where #{type} like '%'||#{key}||'%' order by regdate desc
	</select>

	<!-- 글 조회수 증가 -->
	<update id="BoardHits">
		update tbl_board set readcnt = readcnt+1 where idx=#{idx}
	</update>
	
	<!-- 특정 글 검색(view) -->
	<select id="BoardView" resultType="com.jslhrd.board.domain.BoardDTO">
		select * from tbl_board where idx=#{idx}
	</select>
	
<!-- 
	//글 등록
	public int BoardWrite(BoardDTO dto);
	
	//수정
	public int BoardModify(BoardDTO dto);
	
	//삭제 
	public int BoardDelete(BoardDTO dto);
 -->
</mapper>